cell;cluster
Cell0;Cluster1
Cell1;Cluster1
Cell2;Cluster1
Cell3;Cluster1
Cell4;Cluster1
Cell5;Cluster1
Cell6;Cluster1
Cell7;Cluster1
Cell8;Cluster1
Cell9;Cluster1
Cell10;Cluster1
Cell11;Cluster1
Cell12;Cluster1
Cell13;Cluster1
Cell14;Cluster1
Cell15;Cluster1
Cell16;Cluster1
Cell17;Cluster1
Cell18;Cluster1
Cell19;Cluster1
Cell20;Cluster1
Cell21;Cluster1
Cell22;Cluster1
Cell23;Cluster1
Cell24;Cluster1
Cell25;Cluster1
Cell26;Cluster1
Cell27;Cluster1
Cell28;Cluster1
Cell29;Cluster1
Cell30;Cluster1
Cell31;Cluster1
Cell32;Cluster1
Cell33;Cluster1
Cell34;Cluster1
Cell35;Cluster1
Cell36;Cluster1
Cell37;Cluster1
Cell38;Cluster1
Cell39;Cluster1
Cell40;Cluster1
Cell41;Cluster1
Cell42;Cluster1
Cell43;Cluster1
Cell44;Cluster1
Cell45;Cluster1
Cell46;Cluster1
Cell47;Cluster1
Cell48;Cluster1
Cell49;Cluster1
Cell50;Cluster1
Cell51;Cluster1
Cell52;Cluster1
Cell53;Cluster1
Cell54;Cluster1
Cell55;Cluster1
Cell56;Cluster1
Cell57;Cluster1
Cell58;Cluster1
Cell59;Cluster1
Cell60;Cluster1
Cell61;Cluster1
Cell62;Cluster1
Cell63;Cluster1
Cell64;Cluster1
Cell65;Cluster1
Cell66;Cluster1
Cell67;Cluster1
Cell68;Cluster1
Cell69;Cluster1
Cell70;Cluster1
Cell71;Cluster1
Cell72;Cluster1
Cell73;Cluster1
Cell74;Cluster1
Cell75;Cluster1
Cell76;Cluster1
Cell77;Cluster1
Cell78;Cluster1
Cell79;Cluster1
Cell80;Cluster1
Cell81;Cluster1
Cell82;Cluster1
Cell83;Cluster1
Cell84;Cluster1
Cell85;Cluster1
Cell86;Cluster1
Cell87;Cluster1
Cell88;Cluster1
Cell89;Cluster1
Cell90;Cluster1
Cell91;Cluster1
Cell92;Cluster1
Cell93;Cluster1
Cell94;Cluster1
Cell95;Cluster1
Cell96;Cluster1
Cell97;Cluster1
Cell98;Cluster1
Cell99;Cluster1
Cell100;Cluster1
Cell101;Cluster1
Cell102;Cluster1
Cell103;Cluster1
Cell104;Cluster1
Cell105;Cluster1
Cell106;Cluster1
Cell107;Cluster1
Cell108;Cluster1
Cell109;Cluster1
Cell110;Cluster1
Cell111;Cluster1
Cell112;Cluster1
Cell113;Cluster1
Cell114;Cluster1
Cell115;Cluster1
Cell116;Cluster1
Cell117;Cluster1
Cell118;Cluster1
Cell119;Cluster1
Cell120;Cluster1
Cell121;Cluster1
Cell122;Cluster1
Cell123;Cluster1
Cell124;Cluster1
Cell125;Cluster1
Cell126;Cluster1
Cell127;Cluster1
Cell128;Cluster1
Cell129;Cluster1
Cell130;Cluster1
Cell131;Cluster1
Cell132;Cluster1
Cell133;Cluster1
Cell134;Cluster1
Cell135;Cluster1
Cell136;Cluster1
Cell137;Cluster1
Cell138;Cluster1
Cell139;Cluster1
Cell140;Cluster1
Cell141;Cluster1
Cell142;Cluster1
Cell143;Cluster1
Cell144;Cluster1
Cell145;Cluster1
Cell146;Cluster1
Cell147;Cluster1
Cell148;Cluster1
Cell149;Cluster1
Cell150;Cluster1
Cell151;Cluster1
Cell152;Cluster1
Cell153;Cluster1
Cell154;Cluster1
Cell155;Cluster1
Cell156;Cluster1
Cell157;Cluster1
Cell158;Cluster1
Cell159;Cluster1
Cell160;Cluster1
Cell161;Cluster1
Cell162;Cluster1
Cell163;Cluster1
Cell164;Cluster1
Cell165;Cluster1
Cell166;Cluster1
Cell167;Cluster1
Cell168;Cluster1
Cell169;Cluster1
Cell170;Cluster1
Cell171;Cluster1
Cell172;Cluster1
Cell173;Cluster1
Cell174;Cluster1
Cell175;Cluster1
Cell176;Cluster1
Cell177;Cluster1
Cell178;Cluster1
Cell179;Cluster1
Cell180;Cluster1
Cell181;Cluster1
Cell182;Cluster1
Cell183;Cluster1
Cell184;Cluster1
Cell185;Cluster1
Cell186;Cluster1
Cell187;Cluster1
Cell188;Cluster1
Cell189;Cluster1
Cell190;Cluster1
Cell191;Cluster1
Cell192;Cluster1
Cell193;Cluster1
Cell194;Cluster1
Cell195;Cluster1
Cell196;Cluster1
Cell197;Cluster1
Cell198;Cluster1
Cell199;Cluster1
Cell200;Cluster1
Cell201;Cluster1
Cell202;Cluster1
Cell203;Cluster1
Cell204;Cluster1
Cell205;Cluster1
Cell206;Cluster1
Cell207;Cluster1
Cell208;Cluster1
Cell209;Cluster1
Cell210;Cluster1
Cell211;Cluster1
Cell212;Cluster1
Cell213;Cluster1
Cell214;Cluster1
Cell215;Cluster1
Cell216;Cluster1
Cell217;Cluster1
Cell218;Cluster1
Cell219;Cluster1
Cell220;Cluster1
Cell221;Cluster1
Cell222;Cluster1
Cell223;Cluster1
Cell224;Cluster1
Cell225;Cluster1
Cell226;Cluster1
Cell227;Cluster1
Cell228;Cluster1
Cell229;Cluster1
Cell230;Cluster1
Cell231;Cluster1
Cell232;Cluster1
Cell233;Cluster1
Cell234;Cluster1
Cell235;Cluster1
Cell236;Cluster1
Cell237;Cluster1
Cell238;Cluster1
Cell239;Cluster1
Cell240;Cluster1
Cell241;Cluster1
Cell242;Cluster1
Cell243;Cluster1
Cell244;Cluster1
Cell245;Cluster1
Cell246;Cluster1
Cell247;Cluster1
Cell248;Cluster1
Cell249;Cluster1
Cell250;Cluster1
Cell251;Cluster1
Cell252;Cluster1
Cell253;Cluster1
Cell254;Cluster1
Cell255;Cluster1
Cell256;Cluster1
Cell257;Cluster1
Cell258;Cluster1
Cell259;Cluster1
Cell260;Cluster1
Cell261;Cluster1
Cell262;Cluster1
Cell263;Cluster1
Cell264;Cluster1
Cell265;Cluster1
Cell266;Cluster1
Cell267;Cluster1
Cell268;Cluster1
Cell269;Cluster1
Cell270;Cluster1
Cell271;Cluster1
Cell272;Cluster1
Cell273;Cluster1
Cell274;Cluster1
Cell275;Cluster1
Cell276;Cluster1
Cell277;Cluster1
Cell278;Cluster1
Cell279;Cluster1
Cell280;Cluster1
Cell281;Cluster1
Cell282;Cluster1
Cell283;Cluster1
Cell284;Cluster1
Cell285;Cluster1
Cell286;Cluster1
Cell287;Cluster1
Cell288;Cluster1
Cell289;Cluster1
Cell290;Cluster1
Cell291;Cluster1
Cell292;Cluster1
Cell293;Cluster1
Cell294;Cluster1
Cell295;Cluster1
Cell296;Cluster1
Cell297;Cluster1
Cell298;Cluster1
Cell299;Cluster1
Cell300;Cluster1
Cell301;Cluster1
Cell302;Cluster1
Cell303;Cluster1
Cell304;Cluster1
Cell305;Cluster1
Cell306;Cluster1
Cell307;Cluster1
Cell308;Cluster1
Cell309;Cluster1
Cell310;Cluster1
Cell311;Cluster1
Cell312;Cluster1
Cell313;Cluster1
Cell314;Cluster1
Cell315;Cluster1
Cell316;Cluster1
Cell317;Cluster1
Cell318;Cluster1
Cell319;Cluster1
Cell320;Cluster1
Cell321;Cluster1
Cell322;Cluster1
Cell323;Cluster1
Cell324;Cluster1
Cell325;Cluster1
Cell326;Cluster1
Cell327;Cluster1
Cell328;Cluster1
Cell329;Cluster1
Cell330;Cluster1
Cell331;Cluster1
Cell332;Cluster1
Cell333;Cluster1
Cell334;Cluster1
Cell335;Cluster1
Cell336;Cluster1
Cell337;Cluster1
Cell338;Cluster1
Cell339;Cluster1
Cell340;Cluster1
Cell341;Cluster1
Cell342;Cluster1
Cell343;Cluster1
Cell344;Cluster1
Cell345;Cluster1
Cell346;Cluster1
Cell347;Cluster1
Cell348;Cluster1
Cell349;Cluster1
Cell350;Cluster1
Cell351;Cluster1
Cell352;Cluster1
Cell353;Cluster1
Cell354;Cluster1
Cell355;Cluster1
Cell356;Cluster1
Cell357;Cluster1
Cell358;Cluster1
Cell359;Cluster1
Cell360;Cluster1
Cell361;Cluster1
Cell362;Cluster1
Cell363;Cluster1
Cell364;Cluster1
Cell365;Cluster1
Cell366;Cluster1
Cell367;Cluster1
Cell368;Cluster1
Cell369;Cluster1
Cell370;Cluster1
Cell371;Cluster1
Cell372;Cluster1
Cell373;Cluster1
Cell374;Cluster1
Cell375;Cluster1
Cell376;Cluster1
Cell377;Cluster1
Cell378;Cluster1
Cell379;Cluster1
Cell380;Cluster1
Cell381;Cluster1
Cell382;Cluster1
Cell383;Cluster1
Cell384;Cluster1
Cell385;Cluster1
Cell386;Cluster1
Cell387;Cluster1
Cell388;Cluster1
Cell389;Cluster1
Cell390;Cluster1
Cell391;Cluster1
Cell392;Cluster1
Cell393;Cluster1
Cell394;Cluster1
Cell395;Cluster1
Cell396;Cluster1
Cell397;Cluster1
Cell398;Cluster1
Cell399;Cluster1
Cell400;Cluster1
Cell401;Cluster1
Cell402;Cluster1
Cell403;Cluster1
Cell404;Cluster1
Cell405;Cluster1
Cell406;Cluster1
Cell407;Cluster1
Cell408;Cluster1
Cell409;Cluster1
Cell410;Cluster1
Cell411;Cluster1
Cell412;Cluster1
Cell413;Cluster1
Cell414;Cluster1
Cell415;Cluster1
Cell416;Cluster1
Cell417;Cluster1
Cell418;Cluster1
Cell419;Cluster1
Cell420;Cluster1
Cell421;Cluster1
Cell422;Cluster1
Cell423;Cluster1
Cell424;Cluster1
Cell425;Cluster1
Cell426;Cluster1
Cell427;Cluster1
Cell428;Cluster1
Cell429;Cluster1
Cell430;Cluster1
Cell431;Cluster1
Cell432;Cluster1
Cell433;Cluster1
Cell434;Cluster1
Cell435;Cluster1
Cell436;Cluster1
Cell437;Cluster1
Cell438;Cluster1
Cell439;Cluster1
Cell440;Cluster1
Cell441;Cluster1
Cell442;Cluster1
Cell443;Cluster1
Cell444;Cluster1
Cell445;Cluster1
Cell446;Cluster1
Cell447;Cluster1
Cell448;Cluster1
Cell449;Cluster1
Cell450;Cluster1
Cell451;Cluster1
Cell452;Cluster1
Cell453;Cluster1
Cell454;Cluster1
Cell455;Cluster1
Cell456;Cluster1
Cell457;Cluster1
Cell458;Cluster1
Cell459;Cluster1
Cell460;Cluster1
Cell461;Cluster1
Cell462;Cluster1
Cell463;Cluster1
Cell464;Cluster1
Cell465;Cluster1
Cell466;Cluster1
Cell467;Cluster1
Cell468;Cluster1
Cell469;Cluster1
Cell470;Cluster1
Cell471;Cluster1
Cell472;Cluster1
Cell473;Cluster1
Cell474;Cluster1
Cell475;Cluster1
Cell476;Cluster1
Cell477;Cluster1
Cell478;Cluster1
Cell479;Cluster1
Cell480;Cluster1
Cell481;Cluster1
Cell482;Cluster1
Cell483;Cluster1
Cell484;Cluster1
Cell485;Cluster1
Cell486;Cluster1
Cell487;Cluster1
Cell488;Cluster1
Cell489;Cluster1
Cell490;Cluster1
Cell491;Cluster1
Cell492;Cluster1
Cell493;Cluster1
Cell494;Cluster1
Cell495;Cluster1
Cell496;Cluster1
Cell497;Cluster1
Cell498;Cluster1
Cell499;Cluster1
Cell500;Cluster2
Cell501;Cluster2
Cell502;Cluster2
Cell503;Cluster2
Cell504;Cluster2
Cell505;Cluster2
Cell506;Cluster2
Cell507;Cluster2
Cell508;Cluster2
Cell509;Cluster2
Cell510;Cluster2
Cell511;Cluster2
Cell512;Cluster2
Cell513;Cluster2
Cell514;Cluster2
Cell515;Cluster2
Cell516;Cluster2
Cell517;Cluster2
Cell518;Cluster2
Cell519;Cluster2
Cell520;Cluster2
Cell521;Cluster2
Cell522;Cluster2
Cell523;Cluster2
Cell524;Cluster2
Cell525;Cluster2
Cell526;Cluster2
Cell527;Cluster2
Cell528;Cluster2
Cell529;Cluster2
Cell530;Cluster2
Cell531;Cluster2
Cell532;Cluster2
Cell533;Cluster2
Cell534;Cluster2
Cell535;Cluster2
Cell536;Cluster2
Cell537;Cluster2
Cell538;Cluster2
Cell539;Cluster2
Cell540;Cluster2
Cell541;Cluster2
Cell542;Cluster2
Cell543;Cluster2
Cell544;Cluster2
Cell545;Cluster2
Cell546;Cluster2
Cell547;Cluster2
Cell548;Cluster2
Cell549;Cluster2
Cell550;Cluster2
Cell551;Cluster2
Cell552;Cluster2
Cell553;Cluster2
Cell554;Cluster2
Cell555;Cluster2
Cell556;Cluster2
Cell557;Cluster2
Cell558;Cluster2
Cell559;Cluster2
Cell560;Cluster2
Cell561;Cluster2
Cell562;Cluster2
Cell563;Cluster2
Cell564;Cluster2
Cell565;Cluster2
Cell566;Cluster2
Cell567;Cluster2
Cell568;Cluster2
Cell569;Cluster2
Cell570;Cluster2
Cell571;Cluster2
Cell572;Cluster2
Cell573;Cluster2
Cell574;Cluster2
Cell575;Cluster2
Cell576;Cluster2
Cell577;Cluster2
Cell578;Cluster2
Cell579;Cluster2
Cell580;Cluster2
Cell581;Cluster2
Cell582;Cluster2
Cell583;Cluster2
Cell584;Cluster2
Cell585;Cluster2
Cell586;Cluster2
Cell587;Cluster2
Cell588;Cluster2
Cell589;Cluster2
Cell590;Cluster2
Cell591;Cluster2
Cell592;Cluster2
Cell593;Cluster2
Cell594;Cluster2
Cell595;Cluster2
Cell596;Cluster2
Cell597;Cluster2
Cell598;Cluster2
Cell599;Cluster2
Cell600;Cluster2
Cell601;Cluster2
Cell602;Cluster2
Cell603;Cluster2
Cell604;Cluster2
Cell605;Cluster2
Cell606;Cluster2
Cell607;Cluster2
Cell608;Cluster2
Cell609;Cluster2
Cell610;Cluster2
Cell611;Cluster2
Cell612;Cluster2
Cell613;Cluster2
Cell614;Cluster2
Cell615;Cluster2
Cell616;Cluster2
Cell617;Cluster2
Cell618;Cluster2
Cell619;Cluster2
Cell620;Cluster2
Cell621;Cluster2
Cell622;Cluster2
Cell623;Cluster2
Cell624;Cluster2
Cell625;Cluster2
Cell626;Cluster2
Cell627;Cluster2
Cell628;Cluster2
Cell629;Cluster2
Cell630;Cluster2
Cell631;Cluster2
Cell632;Cluster2
Cell633;Cluster2
Cell634;Cluster2
Cell635;Cluster2
Cell636;Cluster2
Cell637;Cluster2
Cell638;Cluster2
Cell639;Cluster2
Cell640;Cluster2
Cell641;Cluster2
Cell642;Cluster2
Cell643;Cluster2
Cell644;Cluster2
Cell645;Cluster2
Cell646;Cluster2
Cell647;Cluster2
Cell648;Cluster2
Cell649;Cluster2
Cell650;Cluster2
Cell651;Cluster2
Cell652;Cluster2
Cell653;Cluster2
Cell654;Cluster2
Cell655;Cluster2
Cell656;Cluster2
Cell657;Cluster2
Cell658;Cluster2
Cell659;Cluster2
Cell660;Cluster2
Cell661;Cluster2
Cell662;Cluster2
Cell663;Cluster2
Cell664;Cluster2
Cell665;Cluster2
Cell666;Cluster2
Cell667;Cluster2
Cell668;Cluster2
Cell669;Cluster2
Cell670;Cluster2
Cell671;Cluster2
Cell672;Cluster2
Cell673;Cluster2
Cell674;Cluster2
Cell675;Cluster2
Cell676;Cluster2
Cell677;Cluster2
Cell678;Cluster2
Cell679;Cluster2
Cell680;Cluster2
Cell681;Cluster2
Cell682;Cluster2
Cell683;Cluster2
Cell684;Cluster2
Cell685;Cluster2
Cell686;Cluster2
Cell687;Cluster2
Cell688;Cluster2
Cell689;Cluster2
Cell690;Cluster2
Cell691;Cluster2
Cell692;Cluster2
Cell693;Cluster2
Cell694;Cluster2
Cell695;Cluster2
Cell696;Cluster2
Cell697;Cluster2
Cell698;Cluster2
Cell699;Cluster2
Cell700;Cluster2
Cell701;Cluster2
Cell702;Cluster2
Cell703;Cluster2
Cell704;Cluster2
Cell705;Cluster2
Cell706;Cluster2
Cell707;Cluster2
Cell708;Cluster2
Cell709;Cluster2
Cell710;Cluster2
Cell711;Cluster2
Cell712;Cluster2
Cell713;Cluster2
Cell714;Cluster2
Cell715;Cluster2
Cell716;Cluster2
Cell717;Cluster2
Cell718;Cluster2
Cell719;Cluster2
Cell720;Cluster2
Cell721;Cluster2
Cell722;Cluster2
Cell723;Cluster2
Cell724;Cluster2
Cell725;Cluster2
Cell726;Cluster2
Cell727;Cluster2
Cell728;Cluster2
Cell729;Cluster2
Cell730;Cluster2
Cell731;Cluster2
Cell732;Cluster2
Cell733;Cluster2
Cell734;Cluster2
Cell735;Cluster2
Cell736;Cluster2
Cell737;Cluster2
Cell738;Cluster2
Cell739;Cluster2
Cell740;Cluster2
Cell741;Cluster2
Cell742;Cluster2
Cell743;Cluster2
Cell744;Cluster2
Cell745;Cluster2
Cell746;Cluster2
Cell747;Cluster2
Cell748;Cluster2
Cell749;Cluster2
Cell750;Cluster2
Cell751;Cluster2
Cell752;Cluster2
Cell753;Cluster2
Cell754;Cluster2
Cell755;Cluster2
Cell756;Cluster2
Cell757;Cluster2
Cell758;Cluster2
Cell759;Cluster2
Cell760;Cluster2
Cell761;Cluster2
Cell762;Cluster2
Cell763;Cluster2
Cell764;Cluster2
Cell765;Cluster2
Cell766;Cluster2
Cell767;Cluster2
Cell768;Cluster2
Cell769;Cluster2
Cell770;Cluster2
Cell771;Cluster2
Cell772;Cluster2
Cell773;Cluster2
Cell774;Cluster2
Cell775;Cluster2
Cell776;Cluster2
Cell777;Cluster2
Cell778;Cluster2
Cell779;Cluster2
Cell780;Cluster2
Cell781;Cluster2
Cell782;Cluster2
Cell783;Cluster2
Cell784;Cluster2
Cell785;Cluster2
Cell786;Cluster2
Cell787;Cluster2
Cell788;Cluster2
Cell789;Cluster2
Cell790;Cluster2
Cell791;Cluster2
Cell792;Cluster2
Cell793;Cluster2
Cell794;Cluster2
Cell795;Cluster2
Cell796;Cluster2
Cell797;Cluster2
Cell798;Cluster2
Cell799;Cluster2
Cell800;Cluster2
Cell801;Cluster2
Cell802;Cluster2
Cell803;Cluster2
Cell804;Cluster2
Cell805;Cluster2
Cell806;Cluster2
Cell807;Cluster2
Cell808;Cluster2
Cell809;Cluster2
Cell810;Cluster2
Cell811;Cluster2
Cell812;Cluster2
Cell813;Cluster2
Cell814;Cluster2
Cell815;Cluster2
Cell816;Cluster2
Cell817;Cluster2
Cell818;Cluster2
Cell819;Cluster2
Cell820;Cluster2
Cell821;Cluster2
Cell822;Cluster2
Cell823;Cluster2
Cell824;Cluster2
Cell825;Cluster2
Cell826;Cluster2
Cell827;Cluster2
Cell828;Cluster2
Cell829;Cluster2
Cell830;Cluster2
Cell831;Cluster2
Cell832;Cluster2
Cell833;Cluster2
Cell834;Cluster2
Cell835;Cluster2
Cell836;Cluster2
Cell837;Cluster2
Cell838;Cluster2
Cell839;Cluster2
Cell840;Cluster2
Cell841;Cluster2
Cell842;Cluster2
Cell843;Cluster2
Cell844;Cluster2
Cell845;Cluster2
Cell846;Cluster2
Cell847;Cluster2
Cell848;Cluster2
Cell849;Cluster2
Cell850;Cluster2
Cell851;Cluster2
Cell852;Cluster2
Cell853;Cluster2
Cell854;Cluster2
Cell855;Cluster2
Cell856;Cluster2
Cell857;Cluster2
Cell858;Cluster2
Cell859;Cluster2
Cell860;Cluster2
Cell861;Cluster2
Cell862;Cluster2
Cell863;Cluster2
Cell864;Cluster2
Cell865;Cluster2
Cell866;Cluster2
Cell867;Cluster2
Cell868;Cluster2
Cell869;Cluster2
Cell870;Cluster2
Cell871;Cluster2
Cell872;Cluster2
Cell873;Cluster2
Cell874;Cluster2
Cell875;Cluster2
Cell876;Cluster2
Cell877;Cluster2
Cell878;Cluster2
Cell879;Cluster2
Cell880;Cluster2
Cell881;Cluster2
Cell882;Cluster2
Cell883;Cluster2
Cell884;Cluster2
Cell885;Cluster2
Cell886;Cluster2
Cell887;Cluster2
Cell888;Cluster2
Cell889;Cluster2
Cell890;Cluster2
Cell891;Cluster2
Cell892;Cluster2
Cell893;Cluster2
Cell894;Cluster2
Cell895;Cluster2
Cell896;Cluster2
Cell897;Cluster2
Cell898;Cluster2
Cell899;Cluster2
Cell900;Cluster2
Cell901;Cluster2
Cell902;Cluster2
Cell903;Cluster2
Cell904;Cluster2
Cell905;Cluster2
Cell906;Cluster2
Cell907;Cluster2
Cell908;Cluster2
Cell909;Cluster2
Cell910;Cluster2
Cell911;Cluster2
Cell912;Cluster2
Cell913;Cluster2
Cell914;Cluster2
Cell915;Cluster2
Cell916;Cluster2
Cell917;Cluster2
Cell918;Cluster2
Cell919;Cluster2
Cell920;Cluster2
Cell921;Cluster2
Cell922;Cluster2
Cell923;Cluster2
Cell924;Cluster2
Cell925;Cluster2
Cell926;Cluster2
Cell927;Cluster2
Cell928;Cluster2
Cell929;Cluster2
Cell930;Cluster2
Cell931;Cluster2
Cell932;Cluster2
Cell933;Cluster2
Cell934;Cluster2
Cell935;Cluster2
Cell936;Cluster2
Cell937;Cluster2
Cell938;Cluster2
Cell939;Cluster2
Cell940;Cluster2
Cell941;Cluster2
Cell942;Cluster2
Cell943;Cluster2
Cell944;Cluster2
Cell945;Cluster2
Cell946;Cluster2
Cell947;Cluster2
Cell948;Cluster2
Cell949;Cluster2
Cell950;Cluster2
Cell951;Cluster2
Cell952;Cluster2
Cell953;Cluster2
Cell954;Cluster2
Cell955;Cluster2
Cell956;Cluster2
Cell957;Cluster2
Cell958;Cluster2
Cell959;Cluster2
Cell960;Cluster2
Cell961;Cluster2
Cell962;Cluster2
Cell963;Cluster2
Cell964;Cluster2
Cell965;Cluster2
Cell966;Cluster2
Cell967;Cluster2
Cell968;Cluster2
Cell969;Cluster2
Cell970;Cluster2
Cell971;Cluster2
Cell972;Cluster2
Cell973;Cluster2
Cell974;Cluster2
Cell975;Cluster2
Cell976;Cluster2
Cell977;Cluster2
Cell978;Cluster2
Cell979;Cluster2
Cell980;Cluster2
Cell981;Cluster2
Cell982;Cluster2
Cell983;Cluster2
Cell984;Cluster2
Cell985;Cluster2
Cell986;Cluster2
Cell987;Cluster2
Cell988;Cluster2
Cell989;Cluster2
Cell990;Cluster2
Cell991;Cluster2
Cell992;Cluster2
Cell993;Cluster2
Cell994;Cluster2
Cell995;Cluster2
Cell996;Cluster2
Cell997;Cluster2
Cell998;Cluster2
Cell999;Cluster2
Cell1000;Cluster3
Cell1001;Cluster3
Cell1002;Cluster3
Cell1003;Cluster3
Cell1004;Cluster3
Cell1005;Cluster3
Cell1006;Cluster3
Cell1007;Cluster3
Cell1008;Cluster3
Cell1009;Cluster3
Cell1010;Cluster3
Cell1011;Cluster3
Cell1012;Cluster3
Cell1013;Cluster3
Cell1014;Cluster3
Cell1015;Cluster3
Cell1016;Cluster3
Cell1017;Cluster3
Cell1018;Cluster3
Cell1019;Cluster3
Cell1020;Cluster3
Cell1021;Cluster3
Cell1022;Cluster3
Cell1023;Cluster3
Cell1024;Cluster3
Cell1025;Cluster3
Cell1026;Cluster3
Cell1027;Cluster3
Cell1028;Cluster3
Cell1029;Cluster3
Cell1030;Cluster3
Cell1031;Cluster3
Cell1032;Cluster3
Cell1033;Cluster3
Cell1034;Cluster3
Cell1035;Cluster3
Cell1036;Cluster3
Cell1037;Cluster3
Cell1038;Cluster3
Cell1039;Cluster3
Cell1040;Cluster3
Cell1041;Cluster3
Cell1042;Cluster3
Cell1043;Cluster3
Cell1044;Cluster3
Cell1045;Cluster3
Cell1046;Cluster3
Cell1047;Cluster3
Cell1048;Cluster3
Cell1049;Cluster3
Cell1050;Cluster3
Cell1051;Cluster3
Cell1052;Cluster3
Cell1053;Cluster3
Cell1054;Cluster3
Cell1055;Cluster3
Cell1056;Cluster3
Cell1057;Cluster3
Cell1058;Cluster3
Cell1059;Cluster3
Cell1060;Cluster3
Cell1061;Cluster3
Cell1062;Cluster3
Cell1063;Cluster3
Cell1064;Cluster3
Cell1065;Cluster3
Cell1066;Cluster3
Cell1067;Cluster3
Cell1068;Cluster3
Cell1069;Cluster3
Cell1070;Cluster3
Cell1071;Cluster3
Cell1072;Cluster3
Cell1073;Cluster3
Cell1074;Cluster3
Cell1075;Cluster3
Cell1076;Cluster3
Cell1077;Cluster3
Cell1078;Cluster3
Cell1079;Cluster3
Cell1080;Cluster3
Cell1081;Cluster3
Cell1082;Cluster3
Cell1083;Cluster3
Cell1084;Cluster3
Cell1085;Cluster3
Cell1086;Cluster3
Cell1087;Cluster3
Cell1088;Cluster3
Cell1089;Cluster3
Cell1090;Cluster3
Cell1091;Cluster3
Cell1092;Cluster3
Cell1093;Cluster3
Cell1094;Cluster3
Cell1095;Cluster3
Cell1096;Cluster3
Cell1097;Cluster3
Cell1098;Cluster3
Cell1099;Cluster3
Cell1100;Cluster3
Cell1101;Cluster3
Cell1102;Cluster3
Cell1103;Cluster3
Cell1104;Cluster3
Cell1105;Cluster3
Cell1106;Cluster3
Cell1107;Cluster3
Cell1108;Cluster3
Cell1109;Cluster3
Cell1110;Cluster3
Cell1111;Cluster3
Cell1112;Cluster3
Cell1113;Cluster3
Cell1114;Cluster3
Cell1115;Cluster3
Cell1116;Cluster3
Cell1117;Cluster3
Cell1118;Cluster3
Cell1119;Cluster3
Cell1120;Cluster3
Cell1121;Cluster3
Cell1122;Cluster3
Cell1123;Cluster3
Cell1124;Cluster3
Cell1125;Cluster3
Cell1126;Cluster3
Cell1127;Cluster3
Cell1128;Cluster3
Cell1129;Cluster3
Cell1130;Cluster3
Cell1131;Cluster3
Cell1132;Cluster3
Cell1133;Cluster3
Cell1134;Cluster3
Cell1135;Cluster3
Cell1136;Cluster3
Cell1137;Cluster3
Cell1138;Cluster3
Cell1139;Cluster3
Cell1140;Cluster3
Cell1141;Cluster3
Cell1142;Cluster3
Cell1143;Cluster3
Cell1144;Cluster3
Cell1145;Cluster3
Cell1146;Cluster3
Cell1147;Cluster3
Cell1148;Cluster3
Cell1149;Cluster3
Cell1150;Cluster3
Cell1151;Cluster3
Cell1152;Cluster3
Cell1153;Cluster3
Cell1154;Cluster3
Cell1155;Cluster3
Cell1156;Cluster3
Cell1157;Cluster3
Cell1158;Cluster3
Cell1159;Cluster3
Cell1160;Cluster3
Cell1161;Cluster3
Cell1162;Cluster3
Cell1163;Cluster3
Cell1164;Cluster3
Cell1165;Cluster3
Cell1166;Cluster3
Cell1167;Cluster3
Cell1168;Cluster3
Cell1169;Cluster3
Cell1170;Cluster3
Cell1171;Cluster3
Cell1172;Cluster3
Cell1173;Cluster3
Cell1174;Cluster3
Cell1175;Cluster3
Cell1176;Cluster3
Cell1177;Cluster3
Cell1178;Cluster3
Cell1179;Cluster3
Cell1180;Cluster3
Cell1181;Cluster3
Cell1182;Cluster3
Cell1183;Cluster3
Cell1184;Cluster3
Cell1185;Cluster3
Cell1186;Cluster3
Cell1187;Cluster3
Cell1188;Cluster3
Cell1189;Cluster3
Cell1190;Cluster3
Cell1191;Cluster3
Cell1192;Cluster3
Cell1193;Cluster3
Cell1194;Cluster3
Cell1195;Cluster3
Cell1196;Cluster3
Cell1197;Cluster3
Cell1198;Cluster3
Cell1199;Cluster3
Cell1200;Cluster3
Cell1201;Cluster3
Cell1202;Cluster3
Cell1203;Cluster3
Cell1204;Cluster3
Cell1205;Cluster3
Cell1206;Cluster3
Cell1207;Cluster3
Cell1208;Cluster3
Cell1209;Cluster3
Cell1210;Cluster3
Cell1211;Cluster3
Cell1212;Cluster3
Cell1213;Cluster3
Cell1214;Cluster3
Cell1215;Cluster3
Cell1216;Cluster3
Cell1217;Cluster3
Cell1218;Cluster3
Cell1219;Cluster3
Cell1220;Cluster3
Cell1221;Cluster3
Cell1222;Cluster3
Cell1223;Cluster3
Cell1224;Cluster3
Cell1225;Cluster3
Cell1226;Cluster3
Cell1227;Cluster3
Cell1228;Cluster3
Cell1229;Cluster3
Cell1230;Cluster3
Cell1231;Cluster3
Cell1232;Cluster3
Cell1233;Cluster3
Cell1234;Cluster3
Cell1235;Cluster3
Cell1236;Cluster3
Cell1237;Cluster3
Cell1238;Cluster3
Cell1239;Cluster3
Cell1240;Cluster3
Cell1241;Cluster3
Cell1242;Cluster3
Cell1243;Cluster3
Cell1244;Cluster3
Cell1245;Cluster3
Cell1246;Cluster3
Cell1247;Cluster3
Cell1248;Cluster3
Cell1249;Cluster3
Cell1250;Cluster3
Cell1251;Cluster3
Cell1252;Cluster3
Cell1253;Cluster3
Cell1254;Cluster3
Cell1255;Cluster3
Cell1256;Cluster3
Cell1257;Cluster3
Cell1258;Cluster3
Cell1259;Cluster3
Cell1260;Cluster3
Cell1261;Cluster3
Cell1262;Cluster3
Cell1263;Cluster3
Cell1264;Cluster3
Cell1265;Cluster3
Cell1266;Cluster3
Cell1267;Cluster3
Cell1268;Cluster3
Cell1269;Cluster3
Cell1270;Cluster3
Cell1271;Cluster3
Cell1272;Cluster3
Cell1273;Cluster3
Cell1274;Cluster3
Cell1275;Cluster3
Cell1276;Cluster3
Cell1277;Cluster3
Cell1278;Cluster3
Cell1279;Cluster3
Cell1280;Cluster3
Cell1281;Cluster3
Cell1282;Cluster3
Cell1283;Cluster3
Cell1284;Cluster3
Cell1285;Cluster3
Cell1286;Cluster3
Cell1287;Cluster3
Cell1288;Cluster3
Cell1289;Cluster3
Cell1290;Cluster3
Cell1291;Cluster3
Cell1292;Cluster3
Cell1293;Cluster3
Cell1294;Cluster3
Cell1295;Cluster3
Cell1296;Cluster3
Cell1297;Cluster3
Cell1298;Cluster3
Cell1299;Cluster3
Cell1300;Cluster3
Cell1301;Cluster3
Cell1302;Cluster3
Cell1303;Cluster3
Cell1304;Cluster3
Cell1305;Cluster3
Cell1306;Cluster3
Cell1307;Cluster3
Cell1308;Cluster3
Cell1309;Cluster3
Cell1310;Cluster3
Cell1311;Cluster3
Cell1312;Cluster3
Cell1313;Cluster3
Cell1314;Cluster3
Cell1315;Cluster3
Cell1316;Cluster3
Cell1317;Cluster3
Cell1318;Cluster3
Cell1319;Cluster3
Cell1320;Cluster3
Cell1321;Cluster3
Cell1322;Cluster3
Cell1323;Cluster3
Cell1324;Cluster3
Cell1325;Cluster3
Cell1326;Cluster3
Cell1327;Cluster3
Cell1328;Cluster3
Cell1329;Cluster3
Cell1330;Cluster3
Cell1331;Cluster3
Cell1332;Cluster3
Cell1333;Cluster3
Cell1334;Cluster3
Cell1335;Cluster3
Cell1336;Cluster3
Cell1337;Cluster3
Cell1338;Cluster3
Cell1339;Cluster3
Cell1340;Cluster3
Cell1341;Cluster3
Cell1342;Cluster3
Cell1343;Cluster3
Cell1344;Cluster3
Cell1345;Cluster3
Cell1346;Cluster3
Cell1347;Cluster3
Cell1348;Cluster3
Cell1349;Cluster3
Cell1350;Cluster3
Cell1351;Cluster3
Cell1352;Cluster3
Cell1353;Cluster3
Cell1354;Cluster3
Cell1355;Cluster3
Cell1356;Cluster3
Cell1357;Cluster3
Cell1358;Cluster3
Cell1359;Cluster3
Cell1360;Cluster3
Cell1361;Cluster3
Cell1362;Cluster3
Cell1363;Cluster3
Cell1364;Cluster3
Cell1365;Cluster3
Cell1366;Cluster3
Cell1367;Cluster3
Cell1368;Cluster3
Cell1369;Cluster3
Cell1370;Cluster3
Cell1371;Cluster3
Cell1372;Cluster3
Cell1373;Cluster3
Cell1374;Cluster3
Cell1375;Cluster3
Cell1376;Cluster3
Cell1377;Cluster3
Cell1378;Cluster3
Cell1379;Cluster3
Cell1380;Cluster3
Cell1381;Cluster3
Cell1382;Cluster3
Cell1383;Cluster3
Cell1384;Cluster3
Cell1385;Cluster3
Cell1386;Cluster3
Cell1387;Cluster3
Cell1388;Cluster3
Cell1389;Cluster3
Cell1390;Cluster3
Cell1391;Cluster3
Cell1392;Cluster3
Cell1393;Cluster3
Cell1394;Cluster3
Cell1395;Cluster3
Cell1396;Cluster3
Cell1397;Cluster3
Cell1398;Cluster3
Cell1399;Cluster3
Cell1400;Cluster3
Cell1401;Cluster3
Cell1402;Cluster3
Cell1403;Cluster3
Cell1404;Cluster3
Cell1405;Cluster3
Cell1406;Cluster3
Cell1407;Cluster3
Cell1408;Cluster3
Cell1409;Cluster3
Cell1410;Cluster3
Cell1411;Cluster3
Cell1412;Cluster3
Cell1413;Cluster3
Cell1414;Cluster3
Cell1415;Cluster3
Cell1416;Cluster3
Cell1417;Cluster3
Cell1418;Cluster3
Cell1419;Cluster3
Cell1420;Cluster3
Cell1421;Cluster3
Cell1422;Cluster3
Cell1423;Cluster3
Cell1424;Cluster3
Cell1425;Cluster3
Cell1426;Cluster3
Cell1427;Cluster3
Cell1428;Cluster3
Cell1429;Cluster3
Cell1430;Cluster3
Cell1431;Cluster3
Cell1432;Cluster3
Cell1433;Cluster3
Cell1434;Cluster3
Cell1435;Cluster3
Cell1436;Cluster3
Cell1437;Cluster3
Cell1438;Cluster3
Cell1439;Cluster3
Cell1440;Cluster3
Cell1441;Cluster3
Cell1442;Cluster3
Cell1443;Cluster3
Cell1444;Cluster3
Cell1445;Cluster3
Cell1446;Cluster3
Cell1447;Cluster3
Cell1448;Cluster3
Cell1449;Cluster3
Cell1450;Cluster3
Cell1451;Cluster3
Cell1452;Cluster3
Cell1453;Cluster3
Cell1454;Cluster3
Cell1455;Cluster3
Cell1456;Cluster3
Cell1457;Cluster3
Cell1458;Cluster3
Cell1459;Cluster3
Cell1460;Cluster3
Cell1461;Cluster3
Cell1462;Cluster3
Cell1463;Cluster3
Cell1464;Cluster3
Cell1465;Cluster3
Cell1466;Cluster3
Cell1467;Cluster3
Cell1468;Cluster3
Cell1469;Cluster3
Cell1470;Cluster3
Cell1471;Cluster3
Cell1472;Cluster3
Cell1473;Cluster3
Cell1474;Cluster3
Cell1475;Cluster3
Cell1476;Cluster3
Cell1477;Cluster3
Cell1478;Cluster3
Cell1479;Cluster3
Cell1480;Cluster3
Cell1481;Cluster3
Cell1482;Cluster3
Cell1483;Cluster3
Cell1484;Cluster3
Cell1485;Cluster3
Cell1486;Cluster3
Cell1487;Cluster3
Cell1488;Cluster3
Cell1489;Cluster3
Cell1490;Cluster3
Cell1491;Cluster3
Cell1492;Cluster3
Cell1493;Cluster3
Cell1494;Cluster3
Cell1495;Cluster3
Cell1496;Cluster3
Cell1497;Cluster3
Cell1498;Cluster3
Cell1499;Cluster3
