,gene_short_name
Gene10,Gene10
Gene11,Gene11
Gene12,Gene12
Gene13,Gene13
Gene14,Gene14
Gene15,Gene15
Gene16,Gene16
Gene17,Gene17
Gene18,Gene18
Gene19,Gene19
Gene20,Gene20
Gene21,Gene21
Gene22,Gene22
Gene23,Gene23
Gene24,Gene24
Gene25,Gene25
Gene26,Gene26
Gene27,Gene27
Gene28,Gene28
Gene29,Gene29
Gene30,Gene30
Gene31,Gene31
Gene32,Gene32
Gene33,Gene33
Gene34,Gene34
Gene35,Gene35
Gene36,Gene36
Gene37,Gene37
Gene38,Gene38
Gene39,Gene39
Gene40,Gene40
Gene41,Gene41
Gene42,Gene42
Gene43,Gene43
Gene44,Gene44
Gene45,Gene45
Gene46,Gene46
Gene47,Gene47
Gene48,Gene48
Gene49,Gene49
Gene50,Gene50
Gene51,Gene51
Gene52,Gene52
Gene53,Gene53
Gene54,Gene54
Gene55,Gene55
Gene56,Gene56
Gene57,Gene57
Gene58,Gene58
Gene59,Gene59
Gene60,Gene60
Gene61,Gene61
Gene62,Gene62
Gene63,Gene63
Gene64,Gene64
Gene65,Gene65
Gene66,Gene66
Gene67,Gene67
Gene68,Gene68
Gene69,Gene69
Gene70,Gene70
Gene71,Gene71
Gene72,Gene72
Gene73,Gene73
Gene74,Gene74
Gene75,Gene75
Gene76,Gene76
Gene77,Gene77
Gene78,Gene78
Gene79,Gene79
Gene80,Gene80
Gene81,Gene81
Gene82,Gene82
Gene83,Gene83
Gene84,Gene84
Gene85,Gene85
Gene86,Gene86
Gene87,Gene87
Gene88,Gene88
Gene89,Gene89
Gene90,Gene90
Gene91,Gene91
Gene92,Gene92
Gene93,Gene93
Gene94,Gene94
Gene95,Gene95
Gene96,Gene96
Gene97,Gene97
Gene98,Gene98
Gene99,Gene99
Gene100,Gene100
Gene101,Gene101
Gene102,Gene102
Gene103,Gene103
Gene104,Gene104
Gene105,Gene105
Gene106,Gene106
Gene107,Gene107
Gene108,Gene108
Gene109,Gene109
Gene110,Gene110
Gene111,Gene111
Gene112,Gene112
Gene113,Gene113
Gene114,Gene114
Gene115,Gene115
Gene116,Gene116
Gene117,Gene117
Gene118,Gene118
Gene119,Gene119
Gene120,Gene120
Gene121,Gene121
Gene122,Gene122
Gene123,Gene123
Gene124,Gene124
Gene125,Gene125
Gene126,Gene126
Gene127,Gene127
Gene128,Gene128
Gene129,Gene129
Gene130,Gene130
Gene131,Gene131
Gene132,Gene132
Gene133,Gene133
Gene134,Gene134
Gene135,Gene135
Gene136,Gene136
Gene137,Gene137
Gene138,Gene138
Gene139,Gene139
Gene140,Gene140
Gene141,Gene141
Gene142,Gene142
Gene143,Gene143
Gene144,Gene144
Gene145,Gene145
Gene146,Gene146
Gene147,Gene147
Gene148,Gene148
Gene149,Gene149
Gene150,Gene150
Gene151,Gene151
Gene152,Gene152
Gene153,Gene153
Gene154,Gene154
Gene155,Gene155
Gene156,Gene156
Gene157,Gene157
Gene158,Gene158
Gene159,Gene159
Gene160,Gene160
Gene161,Gene161
Gene162,Gene162
Gene163,Gene163
Gene164,Gene164
Gene165,Gene165
Gene166,Gene166
Gene167,Gene167
Gene168,Gene168
Gene169,Gene169
Gene170,Gene170
Gene171,Gene171
Gene172,Gene172
Gene173,Gene173
Gene174,Gene174
Gene175,Gene175
Gene176,Gene176
Gene177,Gene177
Gene178,Gene178
Gene179,Gene179
Gene180,Gene180
Gene181,Gene181
Gene182,Gene182
Gene183,Gene183
Gene184,Gene184
Gene185,Gene185
Gene186,Gene186
Gene187,Gene187
Gene188,Gene188
Gene189,Gene189
Gene190,Gene190
Gene191,Gene191
Gene192,Gene192
Gene193,Gene193
Gene194,Gene194
Gene195,Gene195
Gene196,Gene196
Gene197,Gene197
Gene198,Gene198
Gene199,Gene199
